iso2_code,name,flag_url,size_km2,demographic_growth_perc,population_size,uhc_dashboard,hse_dashboard,hpop_dashboard,ccs
DZ,Algeria,/images/country-flags/algeria.png,2381741 (2021),3.2 (2022),44903225 (2022),"<iframe title=""1. Algeria_UHC"" width=""800"" height=""636"" src=""https://app.powerbi.com/view?r=eyJrIjoiYTQ5NjE1YmMtZmZiOC00NGYzLTkwYzMtMDczYjUzMGMwNzdmIiwidCI6ImY2MTBjMGI3LWJkMjQtNGIzOS04MTBiLTNkYzI4MGFmYjU5MCIsImMiOjh9"" frameborder=""0"" allowFullScreen=""true""></iframe>","<iframe title=""2. Algeria_HSE"" width=""800"" height=""636"" src=""https://app.powerbi.com/view?r=eyJrIjoiNjNhMmYwYzEtODVmMC00OWQzLTkwZGItZjk2MDkxODAyZTBiIiwidCI6ImY2MTBjMGI3LWJkMjQtNGIzOS04MTBiLTNkYzI4MGFmYjU5MCIsImMiOjh9"" frameborder=""0"" allowFullScreen=""true""></iframe>","<iframe title=""3. Algeria_HPOP"" width=""800"" height=""636"" src=""https://app.powerbi.com/view?r=eyJrIjoiYmUyMmE3ZTgtOWE5YS00M2U2LThkYTMtNzMzNjI3ZTEyNmUxIiwidCI6ImY2MTBjMGI3LWJkMjQtNGIzOS04MTBiLTNkYzI4MGFmYjU5MCIsImMiOjh9"" frameborder=""0"" allowFullScreen=""true""></iframe>",https://iris.who.int/handle/10665/250617
AO,Angola,/images/country-flags/angola.png,1246700 (2021),3.0 (2022),35588987 (2022),"<iframe title=""1. Angola_UHC"" width=""800"" height=""636"" src=""https://app.powerbi.com/view?r=eyJrIjoiNzBmNWJhMzUtMDBjZC00MzUxLWJjNTMtNzFjZTVhYjJmZTk3IiwidCI6ImY2MTBjMGI3LWJkMjQtNGIzOS04MTBiLTNkYzI4MGFmYjU5MCIsImMiOjh9"" frameborder=""0"" allowFullScreen=""true""></iframe>","<iframe title=""2. Angola_HSE"" width=""800"" height=""636"" src=""https://app.powerbi.com/view?r=eyJrIjoiNjNhMmYwYzEtODVmMC00OWQzLTkwZGItZjk2MDkxODAyZTBiIiwidCI6ImY2MTBjMGI3LWJkMjQtNGIzOS04MTBiLTNkYzI4MGFmYjU5MCIsImMiOjh9"" frameborder=""0"" allowFullScreen=""true""></iframe>","<iframe title=""3. Angola_HPOP"" width=""800"" height=""636"" src=""https://app.powerbi.com/view?r=eyJrIjoiYmUyMmE3ZTgtOWE5YS00M2U2LThkYTMtNzMzNjI3ZTEyNmUxIiwidCI6ImY2MTBjMGI3LWJkMjQtNGIzOS04MTBiLTNkYzI4MGFmYjU5MCIsImMiOjh9"" frameborder=""0"" allowFullScreen=""true""></iframe>",https://iris.who.int/handle/10665/136994
BJ,Benin,/images/country-flags/benin.png,114760 (2021),6.2 (2022),13352864 (2022),"<iframe title=""1. Benin_UHC"" width=""800"" height=""636"" src=""https://app.powerbi.com/view?r=eyJrIjoiZjRkMDc2ZDItN2E3ZS00OTllLWI0NDUtZTc3MzMxZmNmNTUzIiwidCI6ImY2MTBjMGI3LWJkMjQtNGIzOS04MTBiLTNkYzI4MGFmYjU5MCIsImMiOjh9"" frameborder=""0"" allowFullScreen=""true""></iframe>","<iframe title=""2. Benin_HSE"" width=""800"" height=""636"" src=""https://app.powerbi.com/view?r=eyJrIjoiMGJhNWNmMDEtMDM1ZS00OGQ0LTg4YmYtYWE0N2NkMmIzZjE0IiwidCI6ImY2MTBjMGI3LWJkMjQtNGIzOS04MTBiLTNkYzI4MGFmYjU5MCIsImMiOjh9"" frameborder=""0"" allowFullScreen=""true""></iframe>","<iframe title=""3. Benin_HPOP"" width=""800"" height=""636"" src=""https://app.powerbi.com/view?r=eyJrIjoiZmE2ZWVlOGYtMWRlMC00Yzg0LWI2MGItY2I0NTQwZTU4MDE5IiwidCI6ImY2MTBjMGI3LWJkMjQtNGIzOS04MTBiLTNkYzI4MGFmYjU5MCIsImMiOjh9"" frameborder=""0"" allowFullScreen=""true""></iframe>",https://iris.who.int/handle/10665/136855
BW,Botswana,/images/country-flags/botswana.png,581730 (2021),5.7 (2022),2630296 (2022),"<iframe title=""1. Botswana_UHC"" width=""800"" height=""636"" src=""https://app.powerbi.com/view?r=eyJrIjoiYjIzZTVhMGYtMjZlMi00MzY5LWFiOGQtYjgwODllNTI1NzM0IiwidCI6ImY2MTBjMGI3LWJkMjQtNGIzOS04MTBiLTNkYzI4MGFmYjU5MCIsImMiOjh9"" frameborder=""0"" allowFullScreen=""true""></iframe>","<iframe title=""2. Botswana_HSE"" width=""800"" height=""636"" src=""https://app.powerbi.com/view?r=eyJrIjoiODFmOTdkZmQtMGVmMy00NWU4LTk5YTMtN2JiODQ4MDRiMDdmIiwidCI6ImY2MTBjMGI3LWJkMjQtNGIzOS04MTBiLTNkYzI4MGFmYjU5MCIsImMiOjh9"" frameborder=""0"" allowFullScreen=""true""></iframe>","<iframe title=""3. Botswana_HPOP"" width=""800"" height=""636"" src=""https://app.powerbi.com/view?r=eyJrIjoiNDUxZTZhMjMtYWNjNC00NmRhLTg0NWItNDU3NzcwNTI5NDYzIiwidCI6ImY2MTBjMGI3LWJkMjQtNGIzOS04MTBiLTNkYzI4MGFmYjU5MCIsImMiOjh9"" frameborder=""0"" allowFullScreen=""true""></iframe>",https://iris.who.int/handle/10665/136997
BF,Burkina Faso,/images/country-flags/burkina-faso.png,274220 (2021),1.7 (2022),22100874 (2022),"<iframe title=""1. Burkina_Faso_UHC"" width=""800"" height=""636"" src=""https://app.powerbi.com/view?r=eyJrIjoiMzRkOTFlMmUtNTk0MC00ZjNmLTkwNjYtMDg1NTEzOTIzMzdlIiwidCI6ImY2MTBjMGI3LWJkMjQtNGIzOS04MTBiLTNkYzI4MGFmYjU5MCIsImMiOjh9"" frameborder=""0"" allowFullScreen=""true""></iframe>","<iframe title=""2. Burkina_Faso_HSE"" width=""800"" height=""636"" src=""https://app.powerbi.com/view?r=eyJrIjoiMTc5YzZjYTYtOWFjZi00ODZmLTkwOGItZmZlYWY3ZDkwZjk2IiwidCI6ImY2MTBjMGI3LWJkMjQtNGIzOS04MTBiLTNkYzI4MGFmYjU5MCIsImMiOjh9"" frameborder=""0"" allowFullScreen=""true""></iframe>","<iframe title=""3. Burkina_Faso_HPOP"" width=""800"" height=""636"" src=""https://app.powerbi.com/view?r=eyJrIjoiM2ZiMmE5MmQtMGFkZi00N2NlLTliMWUtOTJhNTYyMTc2ZGU2IiwidCI6ImY2MTBjMGI3LWJkMjQtNGIzOS04MTBiLTNkYzI4MGFmYjU5MCIsImMiOjh9"" frameborder=""0"" allowFullScreen=""true""></iframe>",https://iris.who.int/handle/10665/136973
BI,Burundi,/images/country-flags/burundi.png,27830 (2021),1.8 (2022),12889576 (2022),"<iframe title=""1. Burundi_UHC"" width=""800"" height=""636"" src=""https://app.powerbi.com/view?r=eyJrIjoiMzRkOTFlMmUtNTk0MC00ZjNmLTkwNjYtMDg1NTEzOTIzMzdlIiwidCI6ImY2MTBjMGI3LWJkMjQtNGIzOS04MTBiLTNkYzI4MGFmYjU5MCIsImMiOjh9"" frameborder=""0"" allowFullScreen=""true""></iframe>","<iframe title=""2. Burundi_HSE"" width=""800"" height=""636"" src=""https://app.powerbi.com/view?r=eyJrIjoiYTI1Y2U2MTYtNmFhZS00MDU5LTkzODctYmUzYThlYmQ0NzEyIiwidCI6ImY2MTBjMGI3LWJkMjQtNGIzOS04MTBiLTNkYzI4MGFmYjU5MCIsImMiOjh9"" frameborder=""0"" allowFullScreen=""true""></iframe>","<iframe title=""3. Burundi_HPOP"" width=""800"" height=""636"" src=""https://app.powerbi.com/view?r=eyJrIjoiZDFiMTUwY2MtMmM0Zi00ZjIzLWJhNWItY2YxNmE3OWMyNzg5IiwidCI6ImY2MTBjMGI3LWJkMjQtNGIzOS04MTBiLTNkYzI4MGFmYjU5MCIsImMiOjh9"" frameborder=""0"" allowFullScreen=""true""></iframe>",https://iris.who.int/handle/10665/137042
CV,Cabo Verde,/images/country-flags/cabo-verde.png,4030 (2021),17.1 (2022),593149 (2022),"<iframe title=""1. Cabo_Verde_UHC"" width=""800"" height=""636"" src=""https://app.powerbi.com/view?r=eyJrIjoiZGI3NmRhZGYtYWFiNS00YjcxLTljNTItYTVkZWI0M2ZkZmI3IiwidCI6ImY2MTBjMGI3LWJkMjQtNGIzOS04MTBiLTNkYzI4MGFmYjU5MCIsImMiOjh9"" frameborder=""0"" allowFullScreen=""true""></iframe>","<iframe title=""2. Cabo_Verde_HSE"" width=""800"" height=""636"" src=""https://app.powerbi.com/view?r=eyJrIjoiNWMyM2JmYmYtNjAyMi00NDVlLWEyNGUtZDAyOWQxZGNkZDI5IiwidCI6ImY2MTBjMGI3LWJkMjQtNGIzOS04MTBiLTNkYzI4MGFmYjU5MCIsImMiOjh9"" frameborder=""0"" allowFullScreen=""true""></iframe>","<iframe title=""3. Cabo_Verde_HPOP"" width=""800"" height=""636"" src=""https://app.powerbi.com/view?r=eyJrIjoiYzQ4N2M3NTMtZmFiNy00ODJhLTllNjQtZTdmZGRkZWNkMWM3IiwidCI6ImY2MTBjMGI3LWJkMjQtNGIzOS04MTBiLTNkYzI4MGFmYjU5MCIsImMiOjh9"" frameborder=""0"" allowFullScreen=""true""></iframe>",https://iris.who.int/handle/10665/137143
CF,Central African Republic,/images/country-flags/central-african-republic.png,622980 (2021),0.5 (2022),5579144 (2022),"<iframe title=""1. Central_African_Republic_UHC"" width=""800"" height=""636"" src=""https://app.powerbi.com/view?r=eyJrIjoiZDFlYzA4OWQtZDRjMC00YTRiLWE3ODEtZGY1OTRmNjQ5N2UzIiwidCI6ImY2MTBjMGI3LWJkMjQtNGIzOS04MTBiLTNkYzI4MGFmYjU5MCIsImMiOjh9"" frameborder=""0"" allowFullScreen=""true""></iframe>","<iframe title=""2. Central_African_Republic_HSE"" width=""800"" height=""636"" src=""https://app.powerbi.com/view?r=eyJrIjoiNmZkMmRmNDEtNWJmYS00MDFiLWIzMzUtMDU1NjE5Yjc0YzYyIiwidCI6ImY2MTBjMGI3LWJkMjQtNGIzOS04MTBiLTNkYzI4MGFmYjU5MCIsImMiOjh9"" frameborder=""0"" allowFullScreen=""true""></iframe>","<iframe title=""3. Central_African_Republic_HPOP"" width=""800"" height=""636"" src=""https://app.powerbi.com/view?r=eyJrIjoiZjAyYjE2ZjgtOGQ1ZC00OTdiLThiOTUtMzQ0MjMyMzFiNzk3IiwidCI6ImY2MTBjMGI3LWJkMjQtNGIzOS04MTBiLTNkYzI4MGFmYjU5MCIsImMiOjh9"" frameborder=""0"" allowFullScreen=""true""></iframe>",https://iris.who.int/handle/10665/250223
CM,Cameroon,/images/country-flags/cameroon.png,475440 (2021),3.6 (2022),27914536 (2022),"<iframe title=""1. Cameroon_UHC"" width=""800"" height=""636"" src=""https://app.powerbi.com/view?r=eyJrIjoiMDM2YmNjZjQtOWI2MC00ZWFlLThlMzQtZmRlOWZmMTFjOWJjIiwidCI6ImY2MTBjMGI3LWJkMjQtNGIzOS04MTBiLTNkYzI4MGFmYjU5MCIsImMiOjh9"" frameborder=""0"" allowFullScreen=""true""></iframe>","<iframe title=""2. Cameroon_HSE"" width=""800"" height=""636"" src=""https://app.powerbi.com/view?r=eyJrIjoiYTQ1MzM1ZTUtYTdhZS00NjQzLTk2ZjMtZmVhYjUxOTQ3NzQ3IiwidCI6ImY2MTBjMGI3LWJkMjQtNGIzOS04MTBiLTNkYzI4MGFmYjU5MCIsImMiOjh9"" frameborder=""0"" allowFullScreen=""true""></iframe>","<iframe title=""3. Cameroon_HPOP"" width=""800"" height=""636"" src=""https://app.powerbi.com/view?r=eyJrIjoiYzFjYmMwMjUtZThlOC00MjRmLWFiYzQtYWQ3MjdiZmI2OTQxIiwidCI6ImY2MTBjMGI3LWJkMjQtNGIzOS04MTBiLTNkYzI4MGFmYjU5MCIsImMiOjh9"" frameborder=""0"" allowFullScreen=""true""></iframe>",https://iris.who.int/handle/10665/137092
CG,Congo,/images/country-flags/congo.png,342000 (2021),1.5 (2022),5970424 (2022),"<iframe title=""1. Congo_UHC"" width=""800"" height=""636"" src=""https://app.powerbi.com/view?r=eyJrIjoiMTkxMTZiN2ItYzdmZC00MjRiLTk1YzEtYzc3MTY4M2Q3ZGE5IiwidCI6ImY2MTBjMGI3LWJkMjQtNGIzOS04MTBiLTNkYzI4MGFmYjU5MCIsImMiOjh9"" frameborder=""0"" allowFullScreen=""true""></iframe>","<iframe title=""2. Congo_HSE"" width=""800"" height=""636"" src=""https://app.powerbi.com/view?r=eyJrIjoiZTM1MzBjMmItZjk5ZC00YjU5LThiODItZTg0YzA5NzRlOWMzIiwidCI6ImY2MTBjMGI3LWJkMjQtNGIzOS04MTBiLTNkYzI4MGFmYjU5MCIsImMiOjh9"" frameborder=""0"" allowFullScreen=""true""></iframe>","<iframe title=""3. Congo_HPOP"" width=""800"" height=""636"" src=""https://app.powerbi.com/view?r=eyJrIjoiYjY0ODQxZjEtMjE5ZC00YmU3LWFkOWQtMWU4OGNhMzQ4ZDg4IiwidCI6ImY2MTBjMGI3LWJkMjQtNGIzOS04MTBiLTNkYzI4MGFmYjU5MCIsImMiOjh9"" frameborder=""0"" allowFullScreen=""true""></iframe>",https://iris.who.int/handle/10665/137154
CI,CÃ´te d'Ivoire,/images/country-flags/cote-divoire.png,322460 (2021),6.7 (2022),28160542 (2022),"<iframe title=""13.1. Cote_d'Ivoire_UHC"" width=""800"" height=""636"" src=""https://app.powerbi.com/view?r=eyJrIjoiNDc3M2NkZGUtYWFiNC00MzRhLThkNzAtYWQ2ZmViM2I0N2I5IiwidCI6ImY2MTBjMGI3LWJkMjQtNGIzOS04MTBiLTNkYzI4MGFmYjU5MCIsImMiOjh9"" frameborder=""0"" allowFullScreen=""true""></iframe>","<iframe title=""13.2. Cote_d'Ivoire_SHE"" width=""800"" height=""636"" src=""https://app.powerbi.com/view?r=eyJrIjoiYzgwNjgxYTMtMjQyNS00NjJlLWE1MjUtNjFlOWMwM2YyY2ExIiwidCI6ImY2MTBjMGI3LWJkMjQtNGIzOS04MTBiLTNkYzI4MGFmYjU5MCIsImMiOjh9"" frameborder=""0"" allowFullScreen=""true""></iframe>","<iframe title=""13.3. Cote_d'Ivoire_HPOP"" width=""800"" height=""636"" src=""https://app.powerbi.com/view?r=eyJrIjoiMTZiNGUzYWQtZWJlYi00ZmNiLTk0YTgtODQ1NzBmMmM0OWVkIiwidCI6ImY2MTBjMGI3LWJkMjQtNGIzOS04MTBiLTNkYzI4MGFmYjU5MCIsImMiOjh9"" frameborder=""0"" allowFullScreen=""true""></iframe>",https://iris.who.int/handle/10665/137146
CD,Democratic Republic of the Congo,/images/country-flags/democratic-republic-of-congo.png,2344860 (2021),8.9 (2022),99010212 (2022),"<iframe title=""14.1. Democratic_Republic_of_Congo_UHC"" width=""800"" height=""636"" src=""https://app.powerbi.com/view?r=eyJrIjoiM2EwNmE0ZDctMDgwZi00ZDg3LWFhN2YtMGUyNjgyYjIwYWFmIiwidCI6ImY2MTBjMGI3LWJkMjQtNGIzOS04MTBiLTNkYzI4MGFmYjU5MCIsImMiOjh9"" frameborder=""0"" allowFullScreen=""true""></iframe>","<iframe title=""14.2. Democratic_Republic_of_Congo_SHE"" width=""800"" height=""636"" src=""https://app.powerbi.com/view?r=eyJrIjoiMTVjMmQxNjktOWVmZS00NzAzLTgyZTktMTA3NmY0MTA0OWRkIiwidCI6ImY2MTBjMGI3LWJkMjQtNGIzOS04MTBiLTNkYzI4MGFmYjU5MCIsImMiOjh9"" frameborder=""0"" allowFullScreen=""true""></iframe>","<iframe title=""14.3. Democratic_Republic_of_Congo_HPOP"" width=""800"" height=""636"" src=""https://app.powerbi.com/view?r=eyJrIjoiZjZjNjgwZjMtZmI2NS00Yjk2LWE3N2UtOWQ4MmQwNDNiNmY1IiwidCI6ImY2MTBjMGI3LWJkMjQtNGIzOS04MTBiLTNkYzI4MGFmYjU5MCIsImMiOjh9"" frameborder=""0"" allowFullScreen=""true""></iframe>",https://iris.who.int/handle/10665/246210
ER,Eritrea,/images/country-flags/eritrea.png,121630.327 (2021),1.4 (2020),3684032 (2022),"<iframe title=""16.1. Eritrea_UHC"" width=""800"" height=""636"" src=""https://app.powerbi.com/view?r=eyJrIjoiYzZiZWQ2ZGYtZGMyMy00ZGM2LThlNmQtMzJiZjA0Y2FkNGQ5IiwidCI6ImY2MTBjMGI3LWJkMjQtNGIzOS04MTBiLTNkYzI4MGFmYjU5MCIsImMiOjh9"" frameborder=""0"" allowFullScreen=""true""></iframe>","<iframe title=""16.2. Eritrea_HSE"" width=""800"" height=""636"" src=""https://app.powerbi.com/view?r=eyJrIjoiM2QwM2NjNWMtOGVkMS00ZmNkLTgwOWEtZWExM2I2NDZiNzRkIiwidCI6ImY2MTBjMGI3LWJkMjQtNGIzOS04MTBiLTNkYzI4MGFmYjU5MCIsImMiOjh9"" frameborder=""0"" allowFullScreen=""true""></iframe>","<iframe title=""16.3. Eritrea_HPOP"" width=""800"" height=""636"" src=""https://app.powerbi.com/view?r=eyJrIjoiNjA2Y2Q5NzgtYjE1ZS00NDYyLWE1OGYtYzdkOTU0YzRmZjQ4IiwidCI6ImY2MTBjMGI3LWJkMjQtNGIzOS04MTBiLTNkYzI4MGFmYjU5MCIsImMiOjh9"" frameborder=""0"" allowFullScreen=""true""></iframe>",https://iris.who.int/handle/10665/137169
ET,Ethiopia,/images/country-flags/ethiopia.png,1136239.544 (2021),5.3 (2022),123379924 (2022),"<iframe title=""18.1. Ethiopia_UHC"" width=""800"" height=""636"" src=""https://app.powerbi.com/view?r=eyJrIjoiYzVhOTUyMTAtY2JiMy00ODM5LTk3MTYtY2ZmYTc4Y2Y0NmJiIiwidCI6ImY2MTBjMGI3LWJkMjQtNGIzOS04MTBiLTNkYzI4MGFmYjU5MCIsImMiOjh9"" frameborder=""0"" allowFullScreen=""true""></iframe>","<iframe title=""18.2. Ethiopia_HSE"" width=""800"" height=""636"" src=""https://app.powerbi.com/view?r=eyJrIjoiNTJkNjYyYzgtZTI3Zi00MTc3LWFjY2EtNmQzNTI2MzJkOGVlIiwidCI6ImY2MTBjMGI3LWJkMjQtNGIzOS04MTBiLTNkYzI4MGFmYjU5MCIsImMiOjh9"" frameborder=""0"" allowFullScreen=""true""></iframe>","<iframe title=""18.3. Ethiopia_HPOP"" width=""800"" height=""636"" src=""https://app.powerbi.com/view?r=eyJrIjoiYWQ2ZTI3OWMtNGQ0Ny00ZGM4LWI5MDEtNjVmNGE4YjhhZmE3IiwidCI6ImY2MTBjMGI3LWJkMjQtNGIzOS04MTBiLTNkYzI4MGFmYjU5MCIsImMiOjh9"" frameborder=""0"" allowFullScreen=""true""></iframe>",https://iris.who.int/handle/10665/137170
GA,Gabon,/images/country-flags/gabon.png,267670 (2021),2.9 (2022),2388992 (2022),"<iframe title=""19.1 Gabon_UHC"" width=""800"" height=""636"" src=""https://app.powerbi.com/view?r=eyJrIjoiYjgyMjhhNGQtOGRjNy00NTkxLTg1MTAtMWM3Y2ZiYTM5ZTM5IiwidCI6ImY2MTBjMGI3LWJkMjQtNGIzOS04MTBiLTNkYzI4MGFmYjU5MCIsImMiOjh9"" frameborder=""0"" allowFullScreen=""true""></iframe>","<iframe title=""19.2. Gabon_HSE"" width=""800"" height=""636"" src=""https://app.powerbi.com/view?r=eyJrIjoiYjA1ZmVkYjAtMDA0OC00ZTJhLThhNTEtODQ3ZGYwMzJmZDkwIiwidCI6ImY2MTBjMGI3LWJkMjQtNGIzOS04MTBiLTNkYzI4MGFmYjU5MCIsImMiOjh9"" frameborder=""0"" allowFullScreen=""true""></iframe>","<iframe title=""19.3. Gabon_HPOP"" width=""800"" height=""636"" src=""https://app.powerbi.com/view?r=eyJrIjoiYmUyMjAyODAtNzBmNS00Nzk3LWI5MWYtMjUxMTU5ZWE2YmUzIiwidCI6ImY2MTBjMGI3LWJkMjQtNGIzOS04MTBiLTNkYzI4MGFmYjU5MCIsImMiOjh9"" frameborder=""0"" allowFullScreen=""true""></iframe>",https://iris.who.int/handle/10665/136840
GH,Ghana,/images/country-flags/ghana.png,238530 (2021),3.1 (2022),33475870 (2022),"<iframe title=""21.1. Ghana_UHC"" width=""800"" height=""636"" src=""https://app.powerbi.com/view?r=eyJrIjoiMjBhZTE2NDctYzBkZi00MTkxLTk4NzktYmRmNjQzODA2ZTk0IiwidCI6ImY2MTBjMGI3LWJkMjQtNGIzOS04MTBiLTNkYzI4MGFmYjU5MCIsImMiOjh9"" frameborder=""0"" allowFullScreen=""true""></iframe>","<iframe title=""21.2. Ghana_HSE"" width=""800"" height=""636"" src=""https://app.powerbi.com/view?r=eyJrIjoiNWY5NjEwNzAtYzRkYy00MjVhLTk4NGMtMGY5NjE5MmRkZDQ3IiwidCI6ImY2MTBjMGI3LWJkMjQtNGIzOS04MTBiLTNkYzI4MGFmYjU5MCIsImMiOjh9"" frameborder=""0"" allowFullScreen=""true""></iframe>","<iframe title=""21.3. Ghana_HPOP"" width=""800"" height=""636"" src=""https://app.powerbi.com/view?r=eyJrIjoiMDAyYjYwNzItYmQyZC00ZTU4LWJlOWEtOTM4N2UyODIwMWEwIiwidCI6ImY2MTBjMGI3LWJkMjQtNGIzOS04MTBiLTNkYzI4MGFmYjU5MCIsImMiOjh9"" frameborder=""0"" allowFullScreen=""true""></iframe>",https://iris.who.int/handle/10665/136860
GN,Guinea,/images/country-flags/guinea.png,245860 (2021),4.7 (2022),13252352 (2022),"<iframe title=""23.1. Guinea_UHC"" width=""800"" height=""636"" src=""https://app.powerbi.com/view?r=eyJrIjoiOGY2ZGQyNzEtY2ZkOS00MGU2LTk3OWEtYTg5OGNkYzgzNWQyIiwidCI6ImY2MTBjMGI3LWJkMjQtNGIzOS04MTBiLTNkYzI4MGFmYjU5MCIsImMiOjh9"" frameborder=""0"" allowFullScreen=""true""></iframe>","<iframe title=""23.2. Guinea_HSE"" width=""800"" height=""636"" src=""https://app.powerbi.com/view?r=eyJrIjoiZjYyMWRhZGMtYzg2NS00M2M3LWJiMmMtMDI5NjYxNzgxM2Q4IiwidCI6ImY2MTBjMGI3LWJkMjQtNGIzOS04MTBiLTNkYzI4MGFmYjU5MCIsImMiOjh9"" frameborder=""0"" allowFullScreen=""true""></iframe>","<iframe title=""23.3. Guinea_HPOP"" width=""800"" height=""636"" src=""https://app.powerbi.com/view?r=eyJrIjoiMGY0YzE0NzktZmMwOS00YTVhLWE4YWQtMGZiZWU0ZDM3ODU3IiwidCI6ImY2MTBjMGI3LWJkMjQtNGIzOS04MTBiLTNkYzI4MGFmYjU5MCIsImMiOjh9"" frameborder=""0"" allowFullScreen=""true""></iframe>",https://iris.who.int/handle/10665/246211
GM,Gambia,/images/country-flags/the-gambia.png,11300 (2021),4.3 (2022),2705992 (2022),"<iframe title=""20.1. Gambia_UHC"" width=""800"" height=""636"" src=""https://app.powerbi.com/view?r=eyJrIjoiNTUzZWViYzYtMmQ4Ni00YjUzLThjY2EtZTRkYTE4YzczMTY3IiwidCI6ImY2MTBjMGI3LWJkMjQtNGIzOS04MTBiLTNkYzI4MGFmYjU5MCIsImMiOjh9"" frameborder=""0"" allowFullScreen=""true""></iframe>","<iframe title=""20.2. Gambia_HSE"" width=""800"" height=""636"" src=""https://app.powerbi.com/view?r=eyJrIjoiYTUwOTViY2YtZDU0NS00MTJjLWE5NjEtZmI1MDAwMzhkMmZmIiwidCI6ImY2MTBjMGI3LWJkMjQtNGIzOS04MTBiLTNkYzI4MGFmYjU5MCIsImMiOjh9"" frameborder=""0"" allowFullScreen=""true""></iframe>","<iframe title=""20.3. Gambia_HPOP"" width=""800"" height=""636"" src=""https://app.powerbi.com/view?r=eyJrIjoiZTY4NWQyMmQtMWZiNC00OTE1LTgyYTEtM2RlYWQ5ZThiNDljIiwidCI6ImY2MTBjMGI3LWJkMjQtNGIzOS04MTBiLTNkYzI4MGFmYjU5MCIsImMiOjh9"" frameborder=""0"" allowFullScreen=""true""></iframe>",https://iris.who.int/handle/10665/136857
GQ,Equatorial Guinea,/images/country-flags/equatorial-guinea.png,28050 (2021),3.8 (2022),1674908 (2022),"<iframe title=""15.1. Equatorial_Guinea_UHC"" width=""800"" height=""636"" src=""https://app.powerbi.com/view?r=eyJrIjoiNWRmYjc4Y2UtZWJhNy00MzAyLTlhYmEtMTEyZjI0YmEzNDk3IiwidCI6ImY2MTBjMGI3LWJkMjQtNGIzOS04MTBiLTNkYzI4MGFmYjU5MCIsImMiOjh9"" frameborder=""0"" allowFullScreen=""true""></iframe>","<iframe title=""15.2. Equatorial_Guinea_SHE"" width=""800"" height=""636"" src=""https://app.powerbi.com/view?r=eyJrIjoiYjlhZjI5NWItZDM1ZC00YjIxLWIxYmEtZGZhM2Y1NGQ4ODgyIiwidCI6ImY2MTBjMGI3LWJkMjQtNGIzOS04MTBiLTNkYzI4MGFmYjU5MCIsImMiOjh9"" frameborder=""0"" allowFullScreen=""true""></iframe>","<iframe title=""15.3. Equatorial_Guinea_HPOP"" width=""800"" height=""636"" src=""https://app.powerbi.com/view?r=eyJrIjoiMWEyNGU4YzMtYWJkMC00MDNlLWI3NjAtNTljYzZkZWM2OGU3IiwidCI6ImY2MTBjMGI3LWJkMjQtNGIzOS04MTBiLTNkYzI4MGFmYjU5MCIsImMiOjh9"" frameborder=""0"" allowFullScreen=""true""></iframe>",https://iris.who.int/handle/10665/137168
GW,Guinea-Bissau,/images/country-flags/guinea-bissau.png,36125 (2021),3.5 (2022),2105566 (2022),"<iframe title=""22.1. Guinea_UHC"" width=""800"" height=""636"" src=""https://app.powerbi.com/view?r=eyJrIjoiMDJjNzE0ZGYtMTE4Yi00N2U0LWJhNGYtYjIwMWQwNDQ5MTBlIiwidCI6ImY2MTBjMGI3LWJkMjQtNGIzOS04MTBiLTNkYzI4MGFmYjU5MCIsImMiOjh9"" frameborder=""0"" allowFullScreen=""true""></iframe>","<iframe title=""22.2. Guinea_Bissau_HSE"" width=""800"" height=""636"" src=""https://app.powerbi.com/view?r=eyJrIjoiM2UwYWRlMWItODIxNS00Y2NkLWI5YjktZDE3M2Y4MjA0MjBhIiwidCI6ImY2MTBjMGI3LWJkMjQtNGIzOS04MTBiLTNkYzI4MGFmYjU5MCIsImMiOjh9"" frameborder=""0"" allowFullScreen=""true""></iframe>","<iframe title=""22.3. Guinea_Bissau_HPOP"" width=""800"" height=""636"" src=""https://app.powerbi.com/view?r=eyJrIjoiYzc5MGQ4ZjEtZjJlYS00ZjI4LTljOWItNzcwZGFmZjJhYmNjIiwidCI6ImY2MTBjMGI3LWJkMjQtNGIzOS04MTBiLTNkYzI4MGFmYjU5MCIsImMiOjh9"" frameborder=""0"" allowFullScreen=""true""></iframe>",https://iris.who.int/handle/10665/250275
KE,Kenya,/images/country-flags/kenya.png,582646 (2021),1.8 (2019),52428290 (2019),"<iframe title=""24.1. Kenya_UHC"" width=""800"" height=""636"" src=""https://app.powerbi.com/view?r=eyJrIjoiMDAyNDgxYzAtNWRmMC00M2ZjLWFjMWItOTZkNjU5ZDdlNDYwIiwidCI6ImY2MTBjMGI3LWJkMjQtNGIzOS04MTBiLTNkYzI4MGFmYjU5MCIsImMiOjh9"" frameborder=""0"" allowFullScreen=""true""></iframe>","<iframe title=""24.2. Kenya_HSE"" width=""800"" height=""636"" src=""https://app.powerbi.com/view?r=eyJrIjoiZjRlNjhmN2YtMDBkMy00N2NhLTg1OTQtYjRmMjJhYTM2YzAxIiwidCI6ImY2MTBjMGI3LWJkMjQtNGIzOS04MTBiLTNkYzI4MGFmYjU5MCIsImMiOjh9"" frameborder=""0"" allowFullScreen=""true""></iframe>","<iframe title=""24.3. Kenya_HPOP"" width=""800"" height=""636"" src=""https://app.powerbi.com/view?r=eyJrIjoiOWJkNzU0OTAtMDA2Mi00YzQ1LTkwNmItODc0YzEyYjJlZGIzIiwidCI6ImY2MTBjMGI3LWJkMjQtNGIzOS04MTBiLTNkYzI4MGFmYjU5MCIsImMiOjh9"" frameborder=""0"" allowFullScreen=""true""></iframe>",https://iris.who.int/handle/10665/136904
KM,Comoros,/images/country-flags/comoros.png,1861 (2021),2.4 (2022),836774 (2022),"<iframe title=""12.1. Comoros_UHC"" width=""800"" height=""636"" src=""https://app.powerbi.com/view?r=eyJrIjoiNGVmNzcxY2EtM2RiMS00ZjU3LWEzZmItN2QyYWUzZDA2ZWIxIiwidCI6ImY2MTBjMGI3LWJkMjQtNGIzOS04MTBiLTNkYzI4MGFmYjU5MCIsImMiOjh9"" frameborder=""0"" allowFullScreen=""true""></iframe>","<iframe title=""12.2. Comoros_SHE"" width=""800"" height=""636"" src=""https://app.powerbi.com/view?r=eyJrIjoiZDZiZjg1MmUtMmExZS00YzQ3LWJmMDQtOGQ2MTFjMzc3NTkyIiwidCI6ImY2MTBjMGI3LWJkMjQtNGIzOS04MTBiLTNkYzI4MGFmYjU5MCIsImMiOjh9"" frameborder=""0"" allowFullScreen=""true""></iframe>","<iframe title=""12.3. Comoros_HPOP"" width=""800"" height=""636"" src=""https://app.powerbi.com/view?r=eyJrIjoiZmNhOWVkYWMtODhkZi00NmEwLWFkZjAtOTUzZjkyYjgzYzA1IiwidCI6ImY2MTBjMGI3LWJkMjQtNGIzOS04MTBiLTNkYzI4MGFmYjU5MCIsImMiOjh9"" frameborder=""0"" allowFullScreen=""true""></iframe>",https://iris.who.int/handle/10665/137153
LR,Liberia,/images/country-flags/liberia.png,111370 (2021),4.8 (2022),5302681 (2022),"<iframe title=""26.1. Liberia_UHC"" width=""800"" height=""636"" src=""https://app.powerbi.com/view?r=eyJrIjoiZGNjMDBlYzItZTk1YS00YzQ5LWFiNmUtY2Q2MjUwNTdlYjc4IiwidCI6ImY2MTBjMGI3LWJkMjQtNGIzOS04MTBiLTNkYzI4MGFmYjU5MCIsImMiOjh9"" frameborder=""0"" allowFullScreen=""true""></iframe>","<iframe title=""26.2. Liberia_HSE"" width=""800"" height=""636"" src=""https://app.powerbi.com/view?r=eyJrIjoiYjU2MzkxMzEtOWI0NS00NzhiLTg1MTctOWNmODgzZmM1NzNkIiwidCI6ImY2MTBjMGI3LWJkMjQtNGIzOS04MTBiLTNkYzI4MGFmYjU5MCIsImMiOjh9"" frameborder=""0"" allowFullScreen=""true""></iframe>","<iframe title=""26.3. Liberia_HPOP"" width=""800"" height=""636"" src=""https://app.powerbi.com/view?r=eyJrIjoiODUzNDMwZjItNmMzMy00OTk2LWEyYTAtM2JkNjEzNDk4NGQwIiwidCI6ImY2MTBjMGI3LWJkMjQtNGIzOS04MTBiLTNkYzI4MGFmYjU5MCIsImMiOjh9"" frameborder=""0"" allowFullScreen=""true""></iframe>",https://iris.who.int/handle/10665/136911
LS,Lesotho,/images/country-flags/lesotho.png,30360 (2021),1.1 (2022),2305825 (2022),"<iframe title=""25.1. Lesotho_UHC"" width=""800"" height=""636"" src=""https://app.powerbi.com/view?r=eyJrIjoiYjZkZjRmYzItNjBmYS00NTA3LWI0OTktMTc5ZTg3N2I0NTUxIiwidCI6ImY2MTBjMGI3LWJkMjQtNGIzOS04MTBiLTNkYzI4MGFmYjU5MCIsImMiOjh9"" frameborder=""0"" allowFullScreen=""true""></iframe>","<iframe title=""25.2. Lesotho_HSE"" width=""800"" height=""636"" src=""https://app.powerbi.com/view?r=eyJrIjoiNzM1MjkwYmQtODYxZi00MzBjLWEzOWYtOTA5OGRlYzQ3OGE1IiwidCI6ImY2MTBjMGI3LWJkMjQtNGIzOS04MTBiLTNkYzI4MGFmYjU5MCIsImMiOjh9"" frameborder=""0"" allowFullScreen=""true""></iframe>","<iframe title=""25.3. Lesotho_HPOP"" width=""800"" height=""636"" src=""https://app.powerbi.com/view?r=eyJrIjoiZWE1YTFjMGEtMWViNy00YjY1LTllMjgtMTg0YTY0MzAxMjRjIiwidCI6ImY2MTBjMGI3LWJkMjQtNGIzOS04MTBiLTNkYzI4MGFmYjU5MCIsImMiOjh9"" frameborder=""0"" allowFullScreen=""true""></iframe>",https://iris.who.int/handle/10665/136910
MG,Madagascar,/images/country-flags/madagascar.png,587295 (2021),3.8 (2022),29611714 (2022),"<iframe title=""27.1. Madagascar_UHC"" width=""800"" height=""636"" src=""https://app.powerbi.com/view?r=eyJrIjoiYTk0ZTJkOGEtNWFkNi00YjQyLWI4YTItM2M1NWQxZWRmM2M2IiwidCI6ImY2MTBjMGI3LWJkMjQtNGIzOS04MTBiLTNkYzI4MGFmYjU5MCIsImMiOjh9"" frameborder=""0"" allowFullScreen=""true""></iframe>","<iframe title=""27.2. Madagascar_HSE"" width=""800"" height=""636"" src=""https://app.powerbi.com/view?r=eyJrIjoiMzhkMWUyOTMtYWExZi00N2E4LWJkMDQtOGFhYjA5YTAzNTAxIiwidCI6ImY2MTBjMGI3LWJkMjQtNGIzOS04MTBiLTNkYzI4MGFmYjU5MCIsImMiOjh9"" frameborder=""0"" allowFullScreen=""true""></iframe>","<iframe title=""27.3. Madagascar_HPOP"" width=""800"" height=""636"" src=""https://app.powerbi.com/view?r=eyJrIjoiZTQ3ZmQ5NmEtYjQ5NS00ZGUwLTk5ODItNTlmZTJiM2Y4ZWFlIiwidCI6ImY2MTBjMGI3LWJkMjQtNGIzOS04MTBiLTNkYzI4MGFmYjU5MCIsImMiOjh9"" frameborder=""0"" allowFullScreen=""true""></iframe>",https://iris.who.int/handle/10665/136933
ML,Mali,/images/country-flags/mali.png,1240190 (2021),3.7 (2022),22593590 (2022),"<iframe title=""29.1. Mali_UHC"" width=""800"" height=""636"" src=""https://app.powerbi.com/view?r=eyJrIjoiMTIxODg4ZmEtODUwYi00NTU4LWFiYjUtYTE5YjZhODJiMzNhIiwidCI6ImY2MTBjMGI3LWJkMjQtNGIzOS04MTBiLTNkYzI4MGFmYjU5MCIsImMiOjh9"" frameborder=""0"" allowFullScreen=""true""></iframe>","<iframe title=""29.2. Mali_HSE"" width=""800"" height=""636"" src=""https://app.powerbi.com/view?r=eyJrIjoiMDExOWY5YzItYjgwZi00MzY1LWI1OGMtMTI5Y2NmYzFkNzFhIiwidCI6ImY2MTBjMGI3LWJkMjQtNGIzOS04MTBiLTNkYzI4MGFmYjU5MCIsImMiOjh9"" frameborder=""0"" allowFullScreen=""true""></iframe>","<iframe title=""29.3. Mali_HPOP"" width=""800"" height=""636"" src=""https://app.powerbi.com/view?r=eyJrIjoiY2UzOTdhMzctOTNhNC00MDQ3LWIzYzgtNDZjZDM3ZDdmYmU5IiwidCI6ImY2MTBjMGI3LWJkMjQtNGIzOS04MTBiLTNkYzI4MGFmYjU5MCIsImMiOjh9"" frameborder=""0"" allowFullScreen=""true""></iframe>",https://iris.who.int/handle/10665/136938
MR,Mauritania,/images/country-flags/mauritania.png,1030700 (2021),6.4 (2022),4736139 (2022),"<iframe title=""30.1. Mauritania_UHC"" width=""800"" height=""636"" src=""https://app.powerbi.com/view?r=eyJrIjoiMzJmN2NkYWUtMGJjZi00NWUzLTg2YjItMjk1MGNmMjc3OTNjIiwidCI6ImY2MTBjMGI3LWJkMjQtNGIzOS04MTBiLTNkYzI4MGFmYjU5MCIsImMiOjh9"" frameborder=""0"" allowFullScreen=""true""></iframe>","<iframe title=""30.2. Mauritania_HSE"" width=""800"" height=""636"" src=""https://app.powerbi.com/view?r=eyJrIjoiYzQ1ZWViNzEtZjQ1OS00YWE1LTkzZGItNWQ0NjUyYjg0N2FjIiwidCI6ImY2MTBjMGI3LWJkMjQtNGIzOS04MTBiLTNkYzI4MGFmYjU5MCIsImMiOjh9"" frameborder=""0"" allowFullScreen=""true""></iframe>","<iframe title=""30.3. Mauritania_HPOP"" width=""800"" height=""636"" src=""https://app.powerbi.com/view?r=eyJrIjoiMjgzMWQ3MzgtMThmMC00ZjIwLWI2ZDgtZWY3ZjA1MGRkYzQyIiwidCI6ImY2MTBjMGI3LWJkMjQtNGIzOS04MTBiLTNkYzI4MGFmYjU5MCIsImMiOjh9"" frameborder=""0"" allowFullScreen=""true""></iframe>",https://iris.who.int/handle/10665/136941
MU,Mauritius,/images/country-flags/mauritius.png,2007 (2021),-0.1 (2023),1261041 (2023),"<iframe title=""31.1. Mauritius_UHC"" width=""800"" height=""636"" src=""https://app.powerbi.com/view?r=eyJrIjoiYTA1NjJmZTgtNGQ4ZS00OWNjLWJmNDQtNTQxNmZlMjBiYzdjIiwidCI6ImY2MTBjMGI3LWJkMjQtNGIzOS04MTBiLTNkYzI4MGFmYjU5MCIsImMiOjh9"" frameborder=""0"" allowFullScreen=""true""></iframe>","<iframe title=""31.2. Mauritius_HSE"" width=""800"" height=""636"" src=""https://app.powerbi.com/view?r=eyJrIjoiNzZhOGI5MDAtYmQ5Yy00OWFkLWFhY2UtOTBmNjY3OGQ3ODRhIiwidCI6ImY2MTBjMGI3LWJkMjQtNGIzOS04MTBiLTNkYzI4MGFmYjU5MCIsImMiOjh9"" frameborder=""0"" allowFullScreen=""true""></iframe>","<iframe title=""31.3. Mauritius_HPOP"" width=""800"" height=""636"" src=""https://app.powerbi.com/view?r=eyJrIjoiZjFjYWNmYTgtMDcxYi00NDRkLWI1NGMtZDM1Njk4ZGMxNGRjIiwidCI6ImY2MTBjMGI3LWJkMjQtNGIzOS04MTBiLTNkYzI4MGFmYjU5MCIsImMiOjh9"" frameborder=""0"" allowFullScreen=""true""></iframe>",https://iris.who.int/handle/10665/136943
MW,Malawi,/images/country-flags/malawi.png,118480 (2021),0.9 (2022),20405317 (2022),"<iframe title=""28.1. Malawi_UHC"" width=""800"" height=""636"" src=""https://app.powerbi.com/view?r=eyJrIjoiMTA2MWE0Y2ItYTY1My00NWE0LTkwMzktZDYxNDQ3Y2NjNjU4IiwidCI6ImY2MTBjMGI3LWJkMjQtNGIzOS04MTBiLTNkYzI4MGFmYjU5MCIsImMiOjh9"" frameborder=""0"" allowFullScreen=""true""></iframe>","<iframe title=""28.2. Malawi_HSE"" width=""800"" height=""636"" src=""https://app.powerbi.com/view?r=eyJrIjoiYjk4ZGEwOTktN2JmNS00MDc1LTg3MzUtNmQ1ZTI0OTk5OTA3IiwidCI6ImY2MTBjMGI3LWJkMjQtNGIzOS04MTBiLTNkYzI4MGFmYjU5MCIsImMiOjh9"" frameborder=""0"" allowFullScreen=""true""></iframe>","<iframe title=""28.3. Malawi_HPOP"" width=""800"" height=""636"" src=""https://app.powerbi.com/view?r=eyJrIjoiMDRmZmMwZjQtYTQzYy00Mjg1LWFkZTctZTc5MzFhNGYwMGY4IiwidCI6ImY2MTBjMGI3LWJkMjQtNGIzOS04MTBiLTNkYzI4MGFmYjU5MCIsImMiOjh9"" frameborder=""0"" allowFullScreen=""true""></iframe>",https://iris.who.int/handle/10665/136935
MZ,Mozambique,/images/country-flags/mozambique.png,799380 (2021),4.4 (2022),32419743 (2023),"<iframe title=""32.1. Mozambique_UHC"" width=""800"" height=""636"" src=""https://app.powerbi.com/view?r=eyJrIjoiNDkyOGVlNTctZGIwZi00ZmNiLWE0YTctOWQzNTA4ZTM4MWFkIiwidCI6ImY2MTBjMGI3LWJkMjQtNGIzOS04MTBiLTNkYzI4MGFmYjU5MCIsImMiOjh9"" frameborder=""0"" allowFullScreen=""true""></iframe>","<iframe title=""32.2. Mozambique_HSE"" width=""800"" height=""636"" src=""https://app.powerbi.com/view?r=eyJrIjoiYTc2NmZhMTAtNjgyYS00NzNkLTlmZGEtMzBkMWU4N2JjZWFmIiwidCI6ImY2MTBjMGI3LWJkMjQtNGIzOS04MTBiLTNkYzI4MGFmYjU5MCIsImMiOjh9"" frameborder=""0"" allowFullScreen=""true""></iframe>","<iframe title=""32.3. Mozambique_HPOP"" width=""800"" height=""636"" src=""https://app.powerbi.com/view?r=eyJrIjoiNmZiZDZkNzEtMjk0OC00MDE2LTg1YzEtYmU3N2FhNjU1OGQ0IiwidCI6ImY2MTBjMGI3LWJkMjQtNGIzOS04MTBiLTNkYzI4MGFmYjU5MCIsImMiOjh9"" frameborder=""0"" allowFullScreen=""true""></iframe>",https://iris.who.int/handle/10665/136951
NA,Namibia,/images/country-flags/namibia.png,824290 (2021),7.6 (2022),2567012 (2022),"<iframe title=""33.1. Namibia_UHC"" width=""800"" height=""636"" src=""https://app.powerbi.com/view?r=eyJrIjoiMWMzYTgxYzYtZDE2ZC00YjIxLWE5YWMtZmZmMzUzZWUxYWI5IiwidCI6ImY2MTBjMGI3LWJkMjQtNGIzOS04MTBiLTNkYzI4MGFmYjU5MCIsImMiOjh9"" frameborder=""0"" allowFullScreen=""true""></iframe>","<iframe title=""33.2. Namibia_HSE"" width=""800"" height=""636"" src=""https://app.powerbi.com/view?r=eyJrIjoiOTA3OGNlMWQtMTg2MS00OGMwLWE3ZTMtYjUyMTA2NmIyYWI3IiwidCI6ImY2MTBjMGI3LWJkMjQtNGIzOS04MTBiLTNkYzI4MGFmYjU5MCIsImMiOjh9"" frameborder=""0"" allowFullScreen=""true""></iframe>","<iframe title=""33.3. Namibia_HPOP"" width=""800"" height=""636"" src=""https://app.powerbi.com/view?r=eyJrIjoiNmE0ZGM3ZmMtZDliMC00YTBmLTk2OTctMjg2YWZjOWUxOTljIiwidCI6ImY2MTBjMGI3LWJkMjQtNGIzOS04MTBiLTNkYzI4MGFmYjU5MCIsImMiOjh9"" frameborder=""0"" allowFullScreen=""true""></iframe>",https://iris.who.int/handle/10665/136953
NE,Niger,/images/country-flags/niger.png,1267000 (2021),11.5 (2022),26207977 (2022),"<iframe title=""34.1. Niger_UHC"" width=""800"" height=""636"" src=""https://app.powerbi.com/view?r=eyJrIjoiNzk3MWNjZTItYzgwZC00YmRhLThhMTgtODQ4N2Q0YzBkMGUzIiwidCI6ImY2MTBjMGI3LWJkMjQtNGIzOS04MTBiLTNkYzI4MGFmYjU5MCIsImMiOjh9"" frameborder=""0"" allowFullScreen=""true""></iframe>","<iframe title=""34.2. Niger_HSE"" width=""800"" height=""636"" src=""https://app.powerbi.com/view?r=eyJrIjoiZTU2MjU3MGEtNjhmYy00YjFkLWE5MTgtOTM1ZDZiMGRkM2VhIiwidCI6ImY2MTBjMGI3LWJkMjQtNGIzOS04MTBiLTNkYzI4MGFmYjU5MCIsImMiOjh9"" frameborder=""0"" allowFullScreen=""true""></iframe>","<iframe title=""34.3. Niger_HPOP"" width=""800"" height=""636"" src=""https://app.powerbi.com/view?r=eyJrIjoiYzFhMmY4YmItMmVhYi00MTgyLWFlZGQtZTk0ZmFkM2U4OTIwIiwidCI6ImY2MTBjMGI3LWJkMjQtNGIzOS04MTBiLTNkYzI4MGFmYjU5MCIsImMiOjh9"" frameborder=""0"" allowFullScreen=""true""></iframe>",https://iris.who.int/handle/10665/136783
NG,Nigeria,/images/country-flags/nigeria.png,923770 (2021),3.3 (2022),218541212 (2022),"<iframe title=""35.1. Nigeria_UHC"" width=""800"" height=""636"" src=""https://app.powerbi.com/view?r=eyJrIjoiYmRmYmIxNjQtMmNjYS00MWNiLWI3ODItYjNkOThlOWViMTg5IiwidCI6ImY2MTBjMGI3LWJkMjQtNGIzOS04MTBiLTNkYzI4MGFmYjU5MCIsImMiOjh9"" frameborder=""0"" allowFullScreen=""true""></iframe>","<iframe title=""35.2. Nigeria_HSE"" width=""800"" height=""636"" src=""https://app.powerbi.com/view?r=eyJrIjoiMzA4ODNlYmQtMWFiOS00ZjU3LWIwYzYtY2U5ZDY4N2MwYzFlIiwidCI6ImY2MTBjMGI3LWJkMjQtNGIzOS04MTBiLTNkYzI4MGFmYjU5MCIsImMiOjh9"" frameborder=""0"" allowFullScreen=""true""></iframe>","<iframe title=""35.3. Nigeria_HPOP"" width=""800"" height=""636"" src=""https://app.powerbi.com/view?r=eyJrIjoiMDlkZGE2MWItMTZhZS00NzQ2LWJmNDMtZDAwZDU3OTYyMTJhIiwidCI6ImY2MTBjMGI3LWJkMjQtNGIzOS04MTBiLTNkYzI4MGFmYjU5MCIsImMiOjh9"" frameborder=""0"" allowFullScreen=""true""></iframe>",https://iris.who.int/handle/10665/136785
RW,Rwanda,/images/country-flags/rwanda.png,26340 (2021),8.2 (2022),13776698 (2022),"<iframe title=""36.1. Rwanda_UHC"" width=""800"" height=""636"" src=""https://app.powerbi.com/view?r=eyJrIjoiMTc1Nzg4MzktMjIwZi00YTliLTlhYWMtODIzODhiNjRiZmQ0IiwidCI6ImY2MTBjMGI3LWJkMjQtNGIzOS04MTBiLTNkYzI4MGFmYjU5MCIsImMiOjh9"" frameborder=""0"" allowFullScreen=""true""></iframe>","<iframe title=""36.2. Rwanda_HSE"" width=""800"" height=""636"" src=""https://app.powerbi.com/view?r=eyJrIjoiNDgyZTRlZDAtYWVlMC00NGY0LWE4ZDYtOWY5NGYwZjQxYTExIiwidCI6ImY2MTBjMGI3LWJkMjQtNGIzOS04MTBiLTNkYzI4MGFmYjU5MCIsImMiOjh9"" frameborder=""0"" allowFullScreen=""true""></iframe>","<iframe title=""36.3. Rwanda_HPOP"" width=""800"" height=""636"" src=""https://app.powerbi.com/view?r=eyJrIjoiMGQ1NmE3MzktZjZlZi00NTk5LTg4ODYtMGY4NWZiYzZlMjI2IiwidCI6ImY2MTBjMGI3LWJkMjQtNGIzOS04MTBiLTNkYzI4MGFmYjU5MCIsImMiOjh9"" frameborder=""0"" allowFullScreen=""true""></iframe>",https://iris.who.int/handle/10665/136986
SC,Seychelles,/images/country-flags/seychelles.png,460 (2021),9 (2022),119878 (2022),"<iframe title=""39.1. Seychelles_UHC"" width=""800"" height=""636"" src=""https://app.powerbi.com/view?r=eyJrIjoiYTJhMTMxNzEtOWQ2YS00N2UzLWI2ZWMtOGE3ZTYxYzdmMGM3IiwidCI6ImY2MTBjMGI3LWJkMjQtNGIzOS04MTBiLTNkYzI4MGFmYjU5MCIsImMiOjh9"" frameborder=""0"" allowFullScreen=""true""></iframe>","<iframe title=""39.2. Seychelles_HSE"" width=""800"" height=""636"" src=""https://app.powerbi.com/view?r=eyJrIjoiYzA3M2E3MzYtNGRhYi00ZTM1LWJhOGYtMGUyNWMwNjExMDNkIiwidCI6ImY2MTBjMGI3LWJkMjQtNGIzOS04MTBiLTNkYzI4MGFmYjU5MCIsImMiOjh9"" frameborder=""0"" allowFullScreen=""true""></iframe>","<iframe title=""39.3. Seychelles_HPOP"" width=""800"" height=""636"" src=""https://app.powerbi.com/view?r=eyJrIjoiOGMwMzcxZWMtYjcwMC00MmI0LTk4MWEtZDRmNDZmZjc5YzA0IiwidCI6ImY2MTBjMGI3LWJkMjQtNGIzOS04MTBiLTNkYzI4MGFmYjU5MCIsImMiOjh9"" frameborder=""0"" allowFullScreen=""true""></iframe>",https://iris.who.int/handle/10665/136848
SL,Sierra Leone,/images/country-flags/sierra-leone.png,72300 (2021),3.5 (2022),8605718 (2022),"<iframe title=""40.1. Sierra_Leone_UHC"" width=""800"" height=""636"" src=""https://app.powerbi.com/view?r=eyJrIjoiZTZlZGU4NDEtOGJmMC00ODBhLTk3YjEtNjk2ZTk5NzZlZmMzIiwidCI6ImY2MTBjMGI3LWJkMjQtNGIzOS04MTBiLTNkYzI4MGFmYjU5MCIsImMiOjh9"" frameborder=""0"" allowFullScreen=""true""></iframe>","<iframe title=""40.2. Sierra_Leone_HSE"" width=""800"" height=""636"" src=""https://app.powerbi.com/view?r=eyJrIjoiY2M5ZjMxZmYtMWI3OS00OTIyLTgyNjUtM2VjNWZkMDAwNTNlIiwidCI6ImY2MTBjMGI3LWJkMjQtNGIzOS04MTBiLTNkYzI4MGFmYjU5MCIsImMiOjh9"" frameborder=""0"" allowFullScreen=""true""></iframe>","<iframe title=""40.3. Sierra_Leone_HPOP"" width=""800"" height=""636"" src=""https://app.powerbi.com/view?r=eyJrIjoiN2ZmODc4YjEtMDZjMy00NjM0LWE5NzktMzUwMmI5NDVkZjY0IiwidCI6ImY2MTBjMGI3LWJkMjQtNGIzOS04MTBiLTNkYzI4MGFmYjU5MCIsImMiOjh9"" frameborder=""0"" allowFullScreen=""true""></iframe>",https://iris.who.int/handle/10665/136868
SN,Senegal,/images/country-flags/senegal.png,196710 (2021),4.2 (2022),17316449 (2022),"<iframe title=""38.1. Senegal_UHC"" width=""800"" height=""636"" src=""https://app.powerbi.com/view?r=eyJrIjoiYzU5ZTQ4NTEtOGJjYy00MWQxLTlmZjYtM2ZhMTg5ZjkzMGM3IiwidCI6ImY2MTBjMGI3LWJkMjQtNGIzOS04MTBiLTNkYzI4MGFmYjU5MCIsImMiOjh9"" frameborder=""0"" allowFullScreen=""true""></iframe>","<iframe title=""38.2. Senegal_HSE"" width=""800"" height=""636"" src=""https://app.powerbi.com/view?r=eyJrIjoiNDY4OTc1ZWQtZTMwOC00MzNkLThjZjMtMWRhMGFhNjdjODc5IiwidCI6ImY2MTBjMGI3LWJkMjQtNGIzOS04MTBiLTNkYzI4MGFmYjU5MCIsImMiOjh9"" frameborder=""0"" allowFullScreen=""true""></iframe>","<iframe title=""38.3. Senegal_HPOP"" width=""800"" height=""636"" src=""https://app.powerbi.com/view?r=eyJrIjoiOWExOGY4ZWItOGZjNS00ODc0LThlZDEtYmE1ZmY5NGJlZTg4IiwidCI6ImY2MTBjMGI3LWJkMjQtNGIzOS04MTBiLTNkYzI4MGFmYjU5MCIsImMiOjh9"" frameborder=""0"" allowFullScreen=""true""></iframe>",https://iris.who.int/handle/10665/136843
SS,South Sudan,/images/country-flags/south-sudan.png,646883 (2021),3.6 (2022),10913164 (2022),"<iframe title=""42.1. South_Sudan_UHC"" width=""800"" height=""636"" src=""https://app.powerbi.com/view?r=eyJrIjoiZjNmMGM4YmItMTMzOS00ZWEwLTlhMTYtYjRmZDJhZDcyN2FlIiwidCI6ImY2MTBjMGI3LWJkMjQtNGIzOS04MTBiLTNkYzI4MGFmYjU5MCIsImMiOjh9"" frameborder=""0"" allowFullScreen=""true""></iframe>","<iframe title=""42.2. South_Sudan_HSE"" width=""800"" height=""636"" src=""https://app.powerbi.com/view?r=eyJrIjoiMWY2NTRmNmItOWE4Ni00YzE5LTkyOWQtNGFlNjI4Zjg3Njc1IiwidCI6ImY2MTBjMGI3LWJkMjQtNGIzOS04MTBiLTNkYzI4MGFmYjU5MCIsImMiOjh9"" frameborder=""0"" allowFullScreen=""true""></iframe>","<iframe title=""42.3. South_Sudan_HPOP"" width=""800"" height=""636"" src=""https://app.powerbi.com/view?r=eyJrIjoiYmU2N2M5YTItYmIxOS00MTdiLTk1NDItZTY2OGVmOTNiYjQ5IiwidCI6ImY2MTBjMGI3LWJkMjQtNGIzOS04MTBiLTNkYzI4MGFmYjU5MCIsImMiOjh9"" frameborder=""0"" allowFullScreen=""true""></iframe>",https://iris.who.int/handle/10665/136881
ST,Sao Tome and Principe,/images/country-flags/sao-tome-and-principe.png,960 (2021),0.1 (2022),227380 (2022),"<iframe title=""37.1. Sao_Tome_and_Principe_UHC"" width=""800"" height=""636"" src=""https://app.powerbi.com/view?r=eyJrIjoiMjQxNmZmZWItZTg4Ni00MWJiLWExZTctZWVkMDJhZGFiNjIwIiwidCI6ImY2MTBjMGI3LWJkMjQtNGIzOS04MTBiLTNkYzI4MGFmYjU5MCIsImMiOjh9"" frameborder=""0"" allowFullScreen=""true""></iframe>","<iframe title=""37.2. Sao_Tome_and_Principe_HSE"" width=""800"" height=""636"" src=""https://app.powerbi.com/view?r=eyJrIjoiOGZlNTJhZTYtNWM5OS00Y2I3LWJkMDYtNWRkNGViOTM2OWQwIiwidCI6ImY2MTBjMGI3LWJkMjQtNGIzOS04MTBiLTNkYzI4MGFmYjU5MCIsImMiOjh9"" frameborder=""0"" allowFullScreen=""true""></iframe>","<iframe title=""37.3. Sao_Tome_and_Principe_HPOP"" width=""800"" height=""636"" src=""https://app.powerbi.com/view?r=eyJrIjoiZjIwN2Y2OGItY2IyYS00OGUzLWExN2QtMmQ3NGQ5YzI1OWU0IiwidCI6ImY2MTBjMGI3LWJkMjQtNGIzOS04MTBiLTNkYzI4MGFmYjU5MCIsImMiOjh9"" frameborder=""0"" allowFullScreen=""true""></iframe>",https://iris.who.int/handle/10665/246244
SZ,Eswatini,/images/country-flags/eswatini.png,17360 (2021),0.5 (2022),1201670 (2022),"<iframe title=""17.1. Eswatini_UHC"" width=""800"" height=""636"" src=""https://app.powerbi.com/view?r=eyJrIjoiM2Y4ZGQxMDEtYTc5Ny00MTNhLWFlYTItODA5Mjg4N2M1NjRhIiwidCI6ImY2MTBjMGI3LWJkMjQtNGIzOS04MTBiLTNkYzI4MGFmYjU5MCIsImMiOjh9"" frameborder=""0"" allowFullScreen=""true""></iframe>","<iframe title=""17.2. Eswatini_HSE"" width=""800"" height=""636"" src=""https://app.powerbi.com/view?r=eyJrIjoiNGVhNWVjYWQtN2JhNC00NDk0LTgyNWUtZWVjN2Q1MmI1ZDRmIiwidCI6ImY2MTBjMGI3LWJkMjQtNGIzOS04MTBiLTNkYzI4MGFmYjU5MCIsImMiOjh9"" frameborder=""0"" allowFullScreen=""true""></iframe>","<iframe title=""17.3. Eswatini_HPOP"" width=""800"" height=""636"" src=""https://app.powerbi.com/view?r=eyJrIjoiYjY1MmJjM2YtZTA1ZS00NTI4LWI5OTQtNTE0MjhjZTc5NTZkIiwidCI6ImY2MTBjMGI3LWJkMjQtNGIzOS04MTBiLTNkYzI4MGFmYjU5MCIsImMiOjh9"" frameborder=""0"" allowFullScreen=""true""></iframe>",https://iris.who.int/handle/10665/136886
TD,Chad,/images/country-flags/chad.png,1284000 (2021),2.2 (2022),17958641 (2022),"<iframe title=""11.1. Chad_UHC"" width=""800"" height=""636"" src=""https://app.powerbi.com/view?r=eyJrIjoiYjdiOTMzOTUtYWNmNC00ZmYyLTg5ZmMtODcyYjYzMGZhM2M5IiwidCI6ImY2MTBjMGI3LWJkMjQtNGIzOS04MTBiLTNkYzI4MGFmYjU5MCIsImMiOjh9"" frameborder=""0"" allowFullScreen=""true""></iframe>","<iframe title=""11.2. Chad_SHE"" width=""800"" height=""636"" src=""https://app.powerbi.com/view?r=eyJrIjoiN2UxNGM1MzAtMTA1Mi00YzZkLWE5NDktOThjMGMxYTljYTlhIiwidCI6ImY2MTBjMGI3LWJkMjQtNGIzOS04MTBiLTNkYzI4MGFmYjU5MCIsImMiOjh9"" frameborder=""0"" allowFullScreen=""true""></iframe>","<iframe title=""11.3 Chad_HPOP"" width=""800"" height=""636"" src=""https://app.powerbi.com/view?r=eyJrIjoiZTYzNzY3MzMtNzQ4ZC00OGI1LWI0M2ItYTAzM2RlNzQxY2Q0IiwidCI6ImY2MTBjMGI3LWJkMjQtNGIzOS04MTBiLTNkYzI4MGFmYjU5MCIsImMiOjh9"" frameborder=""0"" allowFullScreen=""true""></iframe>",https://iris.who.int/handle/10665/137148
TG,Togo,/images/country-flags/togo.png,56790 (2021),5.8 (2020),8848699 (2022),"<iframe title=""43.1. Togo_UHC"" width=""800"" height=""636"" src=""https://app.powerbi.com/view?r=eyJrIjoiOWFmMDU4OWMtNTU4MC00MTcxLTk1N2ItZjVmMjE4YjgzODQ2IiwidCI6ImY2MTBjMGI3LWJkMjQtNGIzOS04MTBiLTNkYzI4MGFmYjU5MCIsImMiOjh9"" frameborder=""0"" allowFullScreen=""true""></iframe>","<iframe title=""43.2. Togo_HSE"" width=""800"" height=""636"" src=""https://app.powerbi.com/view?r=eyJrIjoiM2Q0M2YzNDQtMzk3NC00MDg2LWFmNjQtNDA3NDBmZThiNWMwIiwidCI6ImY2MTBjMGI3LWJkMjQtNGIzOS04MTBiLTNkYzI4MGFmYjU5MCIsImMiOjh9"" frameborder=""0"" allowFullScreen=""true""></iframe>","<iframe title=""43.3. Togo_HPOP"" width=""800"" height=""636"" src=""https://app.powerbi.com/view?r=eyJrIjoiM2ZkYWI0ODgtYTgzOS00MWRiLTk4YTktMTY3ZjhkZTA3NzJhIiwidCI6ImY2MTBjMGI3LWJkMjQtNGIzOS04MTBiLTNkYzI4MGFmYjU5MCIsImMiOjh9"" frameborder=""0"" allowFullScreen=""true""></iframe>",https://iris.who.int/handle/10665/136894
TZ,United Republic of Tanzania,/images/country-flags/united-republic-of-tanzania.png,947300 (2021),4.6 (2022),65497748 (2022),"<iframe title=""45.1. United_Republic_of_Tanzania_UHC"" width=""800"" height=""636"" src=""https://app.powerbi.com/view?r=eyJrIjoiY2E3M2YyYzEtNDJmMC00NTE1LWFjMjctMjk5NjUzZTg3M2I5IiwidCI6ImY2MTBjMGI3LWJkMjQtNGIzOS04MTBiLTNkYzI4MGFmYjU5MCIsImMiOjh9"" frameborder=""0"" allowFullScreen=""true""></iframe>","<iframe title=""45.2. United_Republic_of_Tanzania_HSE"" width=""800"" height=""636"" src=""https://app.powerbi.com/view?r=eyJrIjoiNWRkOWVmMjEtMDQ0Zi00YmM3LTk5ZTQtZjRiMDhhNWQ1N2Y3IiwidCI6ImY2MTBjMGI3LWJkMjQtNGIzOS04MTBiLTNkYzI4MGFmYjU5MCIsImMiOjh9"" frameborder=""0"" allowFullScreen=""true""></iframe>","<iframe title=""45.3. United_Republic_of_Tanzania_HPOP"" width=""800"" height=""636"" src=""https://app.powerbi.com/view?r=eyJrIjoiNjE4ZTQxMTYtNWFiMS00MDhjLWIzOWMtZTc3MjQzNmNkYjQ4IiwidCI6ImY2MTBjMGI3LWJkMjQtNGIzOS04MTBiLTNkYzI4MGFmYjU5MCIsImMiOjh9"" frameborder=""0"" allowFullScreen=""true""></iframe>",https://iris.who.int/handle/10665/136888
UG,Uganda,/images/country-flags/uganda.png,241550 (2021),5.8 (2022),47249585 (2022),"<iframe title=""44.1. Uganda_UHC"" width=""800"" height=""636"" src=""https://app.powerbi.com/view?r=eyJrIjoiYTQ3MTQ5NGMtNzlkMS00ZGE3LWEzNTUtZjQ2MmQ1MDFiZWEzIiwidCI6ImY2MTBjMGI3LWJkMjQtNGIzOS04MTBiLTNkYzI4MGFmYjU5MCIsImMiOjh9"" frameborder=""0"" allowFullScreen=""true""></iframe>","<iframe title=""44.2. Uganda_HSE"" width=""800"" height=""636"" src=""https://app.powerbi.com/view?r=eyJrIjoiOGM1MTJkNTktYjY3YS00MzY5LTk0MGYtNTAxMDg0NzA4YTYxIiwidCI6ImY2MTBjMGI3LWJkMjQtNGIzOS04MTBiLTNkYzI4MGFmYjU5MCIsImMiOjh9"" frameborder=""0"" allowFullScreen=""true""></iframe>","<iframe title=""44.3. Uganda_HPOP"" width=""800"" height=""636"" src=""https://app.powerbi.com/view?r=eyJrIjoiYTcxYWY1M2ItODJiMy00MjI2LTgzMzQtZjkzYjZiZTAyOGJmIiwidCI6ImY2MTBjMGI3LWJkMjQtNGIzOS04MTBiLTNkYzI4MGFmYjU5MCIsImMiOjh9"" frameborder=""0"" allowFullScreen=""true""></iframe>",https://iris.who.int/handle/10665/136975
ZA,South Africa,/images/country-flags/south-africa.png,1219090 (2021),1.9 (2022),59893885 (2022),"<iframe title=""41.1. South_Africa_UHC"" width=""800"" height=""636"" src=""https://app.powerbi.com/view?r=eyJrIjoiN2I0MzBhMDQtNTdlNS00ZGQwLWI3OWQtY2NlMmE0NjlmMmY0IiwidCI6ImY2MTBjMGI3LWJkMjQtNGIzOS04MTBiLTNkYzI4MGFmYjU5MCIsImMiOjh9"" frameborder=""0"" allowFullScreen=""true""></iframe>","<iframe title=""41.2. South_Africa_HSE"" width=""800"" height=""636"" src=""https://app.powerbi.com/view?r=eyJrIjoiYTAwY2MxN2QtOGVlMC00NzNmLTliMTEtMWM1NDFlOGNlNGQwIiwidCI6ImY2MTBjMGI3LWJkMjQtNGIzOS04MTBiLTNkYzI4MGFmYjU5MCIsImMiOjh9"" frameborder=""0"" allowFullScreen=""true""></iframe>","<iframe title=""41.3. South_Africa_HPOP"" width=""800"" height=""636"" src=""https://app.powerbi.com/view?r=eyJrIjoiZGUzNTZiNDAtNTJkZS00Nzc1LTg1MWUtYmUwYzYxNDNmYzc2IiwidCI6ImY2MTBjMGI3LWJkMjQtNGIzOS04MTBiLTNkYzI4MGFmYjU5MCIsImMiOjh9"" frameborder=""0"" allowFullScreen=""true""></iframe>",https://iris.who.int/handle/10665/136874
ZM,Zambia,/images/country-flags/zambia.png,752610 (2021),4.6 (2022),20017675 (2022),"<iframe title=""46.1. Zambia_UHC"" width=""800"" height=""636"" src=""https://app.powerbi.com/view?r=eyJrIjoiZjVlOWFjZDAtMTBmZC00NWJlLTlkOGYtYzEyOWJiNWE4ZTRlIiwidCI6ImY2MTBjMGI3LWJkMjQtNGIzOS04MTBiLTNkYzI4MGFmYjU5MCIsImMiOjh9"" frameborder=""0"" allowFullScreen=""true""></iframe>","<iframe title=""46.2. Zambia_HSE"" width=""800"" height=""636"" src=""https://app.powerbi.com/view?r=eyJrIjoiMmY1YWQ2ZjItMDdjNC00ZGNiLTgxZDQtYjA1YTQ4N2I2MzM3IiwidCI6ImY2MTBjMGI3LWJkMjQtNGIzOS04MTBiLTNkYzI4MGFmYjU5MCIsImMiOjh9"" frameborder=""0"" allowFullScreen=""true""></iframe>","<iframe title=""46.3. Zambia_HPOP"" width=""800"" height=""636"" src=""https://app.powerbi.com/view?r=eyJrIjoiMzcyOTUwMmMtYjc3OS00MmY5LWI4NTktZGYzNTUwMDZkMjkwIiwidCI6ImY2MTBjMGI3LWJkMjQtNGIzOS04MTBiLTNkYzI4MGFmYjU5MCIsImMiOjh9"" frameborder=""0"" allowFullScreen=""true""></iframe>",https://iris.who.int/handle/10665/136991
ZW,Zimbabwe,/images/country-flags/zimbabwe.png,390760 (2021),5.2 (2022),16320537 (2022),"<iframe title=""47.1. Zimbabwe_UHC"" width=""800"" height=""636"" src=""https://app.powerbi.com/view?r=eyJrIjoiMjk5N2E2MWMtNjg1MS00NTAyLTgwNDAtZTcwOTRjZTc5OGI2IiwidCI6ImY2MTBjMGI3LWJkMjQtNGIzOS04MTBiLTNkYzI4MGFmYjU5MCIsImMiOjh9"" frameborder=""0"" allowFullScreen=""true""></iframe>","<iframe title=""45.2. United_Republic_of_Tanzania_HSE"" width=""800"" height=""636"" src=""https://app.powerbi.com/view?r=eyJrIjoiNWRkOWVmMjEtMDQ0Zi00YmM3LTk5ZTQtZjRiMDhhNWQ1N2Y3IiwidCI6ImY2MTBjMGI3LWJkMjQtNGIzOS04MTBiLTNkYzI4MGFmYjU5MCIsImMiOjh9"" frameborder=""0"" allowFullScreen=""true""></iframe>","<iframe title=""47.3. Zimbabwe_HPOP"" width=""800"" height=""636"" src=""https://app.powerbi.com/view?r=eyJrIjoiNDljNzRlMzctZWRmNC00MDJkLTk2OTctNmY2YWJjMTFlZGE1IiwidCI6ImY2MTBjMGI3LWJkMjQtNGIzOS04MTBiLTNkYzI4MGFmYjU5MCIsImMiOjh9"" frameborder=""0"" allowFullScreen=""true""></iframe>",https://iris.who.int/handle/10665/136992
